{
  "workspaces member-of" : {
    "transaction" : "workspaces member-of",
    "sampleCount" : 1,
    "errorCount" : 0,
    "errorPct" : 0.0,
    "meanResTime" : 275.0,
    "medianResTime" : 275.0,
    "minResTime" : 275.0,
    "maxResTime" : 275.0,
    "pct1ResTime" : 275.0,
    "pct2ResTime" : 275.0,
    "pct3ResTime" : 275.0,
    "throughput" : 3.6363636363636362,
    "receivedKBytesPerSec" : 2.8124999999999996,
    "sentKBytesPerSec" : 1.5909090909090908
  },
  "Total" : {
    "transaction" : "Total",
    "sampleCount" : 3,
    "errorCount" : 0,
    "errorPct" : 0.0,
    "meanResTime" : 395.6666666666667,
    "medianResTime" : 305.0,
    "minResTime" : 275.0,
    "maxResTime" : 607.0,
    "pct1ResTime" : 607.0,
    "pct2ResTime" : 607.0,
    "pct3ResTime" : 607.0,
    "throughput" : 2.479338842975207,
    "receivedKBytesPerSec" : 1.7416709710743803,
    "sentKBytesPerSec" : 1.3147275309917357
  },
  "Log In Account" : {
    "transaction" : "Log In Account",
    "sampleCount" : 1,
    "errorCount" : 0,
    "errorPct" : 0.0,
    "meanResTime" : 607.0,
    "medianResTime" : 607.0,
    "minResTime" : 607.0,
    "maxResTime" : 607.0,
    "pct1ResTime" : 607.0,
    "pct2ResTime" : 607.0,
    "pct3ResTime" : 607.0,
    "throughput" : 1.6474464579901154,
    "receivedKBytesPerSec" : 1.034480539538715,
    "sentKBytesPerSec" : 0.5486125411861614
  },
  "Create projects" : {
    "transaction" : "Create projects",
    "sampleCount" : 1,
    "errorCount" : 0,
    "errorPct" : 0.0,
    "meanResTime" : 305.0,
    "medianResTime" : 305.0,
    "minResTime" : 305.0,
    "maxResTime" : 305.0,
    "pct1ResTime" : 305.0,
    "pct2ResTime" : 305.0,
    "pct3ResTime" : 305.0,
    "throughput" : 3.278688524590164,
    "receivedKBytesPerSec" : 2.3149334016393444,
    "sentKBytesPerSec" : 2.689549180327869
  }
}